Title|Price|Article|Sizes|URL
Шорти чінос Staff black|590|SMB0035|XS:40, S:23, M:40, L:40, XL:40, XXL:3|https://www.staff-clothes.com/shorty-chinos-staff-black/smb0035/
Трикотажні шорти Staff basic black|470|FOT0184|XS:40, S:40, M:40, L:40, XL:40, XXL:4|https://www.staff-clothes.com/trikotazhni-shorti-staff-basic-black/fot0184/
Шорти чінос Staff deca navy|510|SNT0282-1|XS:40, S:40, M:40, L:35, XL:4|https://www.staff-clothes.com/shorty-chinos-staff-deca-navy/snt0282-1/
Трикотажні шорти Staff basic graphite|470|FOT0185|XS:40, S:40, M:40, L:40, XL:27, XXL:3|https://www.staff-clothes.com/trikotazhni-shorti-staff-basic-grafit/fot0185/
Трикотажні шорти Staff basic green|470|FOT0186|XS:40, S:40, M:40, L:40, XL:22, XXL:3|https://www.staff-clothes.com/trikotazhni-shorti-staff-basic-light/fot0186/
Трикотажні шорти Staff basic khaki|470|FOT0187|XS:36, S:40, M:40, L:40, XL:40, XXL:2|https://www.staff-clothes.com/trikotazhni-shorti-staff-basic-haki/fot0187/
Шорти Staff ti green|490|SMB0040|XS:30, S:40, M:40, L:40, XL:40, XXL:2|https://www.staff-clothes.com/shorty-staff-ti-green/smb0040/
Джинсові шорти Staff bu c1|600|SNT0391|29:40, 30:40, 31:40, 32:24, 33:40, 34:40, 36:1|https://www.staff-clothes.com/dzhinsovi-shorti-staff-bu-c1/snt0391/
Трикотажні шорти Staff ra black|490|EE0383|XS:16, S:25, M:29, L:17, XL:6, XXL:|https://www.staff-clothes.com/trikotazhni-shorti-staff-ra-black/ee0383/
Шорти Staff ti blue|490|SMB0039|XS:22, S:40, M:40, L:40, XL:40, XXL:2|https://www.staff-clothes.com/shorty-staff-ti-blue/smb0039/
Шорти чінос Staff navy|590|SMB0036|XS:5, S:10, L:|https://www.staff-clothes.com/shorty-chinos-staff-navy/smb0036/
Трикотажні шорти Staff so brown & milk|490|FOT0183|XS:40, S:40, M:40, L:40, XL:40, XXL:4|https://www.staff-clothes.com/trikotazhni-shorti-staff-so-brown-and-milk/fot0183/
Трикотажні шорти Staff so khaki & black|490|FOT0182|XS:40, S:40, M:40, L:40, XL:40, XXL:3|https://www.staff-clothes.com/trikotazhni-shorti-staff-so-haki-and-black/fot0182/
Трикотажные шорты Staff zip basic navy|490|FOT0191|XS:40, S:40, M:40, L:40, XL:40, XXL:4|https://www.staff-clothes.com/trikotazhni-shorti-staff-zip-basic-navy/fot0191/
Трикотажні шорти Staff zip basic black|490|FOT0190|XS:40, S:40, M:40, L:40, XL:40, XXL:4|https://www.staff-clothes.com/trikotazhni-shorti-staff-zip-basic-black/fot0190/
Трикотажні шорти Staff zip basic khaki|490|FOT0196|XS:40, S:40, M:40, L:40, XL:40, XXL:2|https://www.staff-clothes.com/trikotazhni-shorti-staff-zip-basic-haki/fot0196/
Джинсові шорти Staff od c1|600|SNT0389|29:34, 30:40, 31:40, 32:33, 33:32, 34:1|https://www.staff-clothes.com/dzhinsovi-shorti-staff-od-c1/snt0389/
Трикотажные шорты Staff ko khaki|430|FOT0177|XS:17, S:33, M:40, L:30, XL:17, XXL:1|https://www.staff-clothes.com/trikotazhni-shorti-staff-ko-haki/fot0177/
Трикотажні шорти Staff logo black basic|440|TSH0728|XS:40, S:40, M:40, L:40, XL:40, XXL:4|https://www.staff-clothes.com/trikotazhnye-shorty-staff-logo-black-basic/tsh0728/
Трикотажні шорти Staff logo brown basic|440|TSH0729|XS:40, S:40, M:40, L:40, XL:40, XXL:3|https://www.staff-clothes.com/trikotazhnye-shorty-staff-logo-brown-basic/tsh0729/
Трикотажні шорти Staff logo bordo basic|440|TSH0730|XS:40, S:40, M:40, L:40, XL:40, XXL:3|https://www.staff-clothes.com/trikotazhnye-shorty-staff-logo-red-basic/tsh0730/
Трикотажні шорти Staff black logo interlock|510|FOT0188|XS:38, S:40, M:40, L:40, XL:40, XXL:2|https://www.staff-clothes.com/trikotazhnye-shorty-staff-black-logo-interlock/fot0188/
Трикотажні шорти Staff red logo interlock|510|FOT0189|XS:37, S:40, M:40, L:40, XL:40, XXL:3|https://www.staff-clothes.com/trikotazhnye-shorty-staff-red-logo-interlock/fot0189/
Трикотажные шорты Staff ko navy|430|FOT0178|XS:37, S:40, M:40, L:40, XL:39, XXL:2|https://www.staff-clothes.com/trikotazhni-shorti-staff-ko-navy/fot0178/
Трикотажні шорти Staff ko black|430|FOT0176|XS:10, S:7, M:8, L:4, XL:9, XXL:|https://www.staff-clothes.com/trikotazhni-shorti-staff-ko-black/fot0176/
Трикотажні шорти Staff so grafit and black|490|FOT0181|XS:40, S:40, M:40, L:40, XL:40, XXL:3|https://www.staff-clothes.com/trikotazhnye-shorty-staff-so-grafit-and-black/fot0181/
Трикотажні шорти Staff so gray and black|490|FOT0180|XS:40, S:40, M:40, L:40, XL:40, XXL:2|https://www.staff-clothes.com/trikotazhnye-shorty-staff-so-gray-and-black/fot0180/
Трикотажні шорти Staff skeleton|490|FOT0159|XS:21, S:40, M:40, L:40, XL:18, XXL:1|https://www.staff-clothes.com/trikotazhni-shorti-staff-print/fot0159/
Трикотажні шорти Staff danger|490|FOT0163|XS:24, S:39, M:26, L:40, XL:21, XXL:|https://www.staff-clothes.com/trikotazhni-shorti-staff-print/fot0163/
Трикотажні шорти Staff so black & gray|430|FOT0179|XS:40, S:40, M:40, L:40, XL:40, XXL:2|https://www.staff-clothes.com/trikotazhni-shorti-staff-so-black-and-gray/fot0179/
Трикотажні шорти Staff escape|490|FOT0162|XS:24, S:40, M:40, L:40, XL:14, XXL:3|https://www.staff-clothes.com/trikotazhni-shorti-staff-print/fot0162/
Трикотажні шорти Staff tay day c1|450|FOT0175|XS:40, S:40, M:40, L:40, XL:40, XXL:|https://www.staff-clothes.com/trikotazhni-shorti-staff-tay-day-c1/fot0175/
Трикотажні шорти Staff san black|440|EE0381|XS:29, S:14, M:25, L:40, XL:11, XXL:|https://www.staff-clothes.com/trikotazhni-shorti-staff-san-black/ee0381/
Шорти Staff camo|390|FFK0308|XS:8, S:22, M:28, L:23, XL:3, XXL:|https://www.staff-clothes.com/shorti-staff-camo/ffk0308/
Трикотажні шорти Staff tay day c2|450|FOT0174|XS:40, S:40, M:40, L:40, XL:40, XXL:4|https://www.staff-clothes.com/trikotazhni-shorti-staff-tay-day-c2/fot0174/
Трикотажні шорти Staff never again|490|FOT0161|XS:11, S:18, M:37, L:26, XL:15, XXL:1|https://www.staff-clothes.com/trikotazhni-shorti-staff-print/fot0161/
Трикотажні шорти Staff tay day c3 |450|FOT0173|XS:40, S:40, M:40, L:40, XL:4|https://www.staff-clothes.com/trikotazhni-shorti-staff-tay-day-c3/fot0173/
Трикотажні шорти Staff tay day c4|460|FOT0169|XS:40, S:40, M:40, L:40, XL:40, XXL:4|https://www.staff-clothes.com/trikotazhni-shorti-staff-tay-day-c4/fot0169/
Трикотажні шорти Staff fire face|490|FOT0160|XS:23, S:39, M:40, L:40, XL:20, XXL:2|https://www.staff-clothes.com/trikotazhni-shorti-staff-print/fot0160/
Трикотажні шорти Staff tay day c5 |450|FOT0171|XS:40, S:40, M:40, L:40, XL:40, XXL:3|https://www.staff-clothes.com/trikotazhni-shorti-staff-tay-day-c5/fot0171/
Трикотажні шорти Staff tay day c1 |460|FOT0170|XS:40, S:40, M:40, L:40, XL:40, XXL:4|https://www.staff-clothes.com/trikotazhni-shorti-staff-tay-day-c1/fot0170/
Трикотажні шорти Staff fli red|410|EE0288|XS:|https://www.staff-clothes.com/trikotazhnye-shorty-staff-fli-red/ee0288/
Трикотажні шорти Staff bordo cant|320|TSH0651|XS:|https://www.staff-clothes.com/trikotazhnye-shorty-staff-bordo-cant/tsh0651/
Шорти Staff cargo aki green|400|FKK0027|XS:1|https://www.staff-clothes.com/shorty-staff-cargo-aki-green/fkk0027/
